The Shawshank Redemption (1994) ,9.3,2h 22min,14 October 1994,"Two imprisoned men bond over a number of years, finding solace and eventual redemption through acts of common decency."
The Godfather (1972) ,9.2,2h 55min,24 March 1972,The aging patriarch of an organized crime dynasty transfers control of his clandestine empire to his reluctant son.
The Godfather: Part II (1974) ,9.0,3h 22min,2 May 2020,"The early life and career of Vito Corleone in 1920s New York City is portrayed, while his son, Michael, expands and tightens his grip on the family crime syndicate."
The Dark Knight (2008) ,9.0,2h 32min,18 July 2008,"When the menace known as the Joker wreaks havoc and chaos on the people of Gotham, Batman must accept one of the greatest psychological and physical tests of his ability to fight injustice."
12 Angry Men (1957) ,9.0,1h 36min,10 April 1957,A jury holdout attempts to prevent a miscarriage of justice by forcing his colleagues to reconsider the evidence.
Schindler's List (1993) ,8.9,3h 15min,15 December 1993,"In German-occupied Poland during World War II, industrialist Oskar Schindler gradually becomes concerned for his Jewish workforce after witnessing their persecution by the Nazis."
The Lord of the Rings: The Return of the King (2003) ,8.9,3h 21min,6 February 2004,Gandalf and Aragorn lead the World of Men against Sauron's army to draw his gaze from Frodo and Sam as they approach Mount Doom with the One Ring.
Pulp Fiction (1994) ,8.9,2h 34min,14 October 1994,"The lives of two mob hitmen, a boxer, a gangster and his wife, and a pair of diner bandits intertwine in four tales of violence and redemption."
"Il buono, il brutto, il cattivo (1966) ",8.8,2h 41min,15 April 1969,A bounty hunting scam joins two men in an uneasy alliance against a third in a race to find a fortune in gold buried in a remote cemetery.
The Lord of the Rings: The Fellowship of the Ring (2001) ,8.8,2h 58min,15 March 2002,A meek Hobbit from the Shire and eight companions set out on a journey to destroy the powerful One Ring and save Middle-earth from the Dark Lord Sauron.
Fight Club (1999) ,8.8,2h 19min,15 October 1999,"An insomniac office worker and a devil-may-care soapmaker form an underground fight club that evolves into something much, much more."
Forrest Gump (1994) ,8.8,2h 22min,12 September 2014,"The presidencies of Kennedy and Johnson, the events of Vietnam, Watergate and other historical events unfold through the perspective of an Alabama man with an IQ of 75, whose only desire is to be reunited with his childhood sweetheart."
Inception (2010) ,8.8,2h 28min,16 July 2010,A thief who steals corporate secrets through the use of dream-sharing technology is given the inverse task of planting an idea into the mind of a C.E.O.
The Lord of the Rings: The Two Towers (2002) ,8.7,2h 59min,28 March 2003,"While Frodo and Sam edge closer to Mordor with the help of the shifty Gollum, the divided fellowship makes a stand against Sauron's new ally, Saruman, and his hordes of Isengard."
Star Wars: Episode V - The Empire Strikes Back (1980) ,8.7,2h 4min,10 December 1980,"After the Rebels are brutally overpowered by the Empire on the ice planet Hoth, Luke Skywalker begins Jedi training with Yoda, while his friends are pursued by Darth Vader and a bounty hunter named Boba Fett all over the galaxy."
The Matrix (1999) ,8.7,2h 16min,31 May 2020,"When a beautiful stranger leads computer hacker Neo to a forbidding underworld, he discovers the shocking truth--the life he knows is the elaborate deception of an evil cyber-intelligence."
Goodfellas (1990) ,8.7,2h 26min,31 July 2019,"The story of Henry Hill and his life in the mob, covering his relationship with his wife Karen Hill and his mob partners Jimmy Conway and Tommy DeVito in the Italian-American crime syndicate."
One Flew Over the Cuckoo's Nest (1975) ,8.7,2h 13min,10 March 1977,"A criminal pleads insanity and is admitted to a mental institution, where he rebels against the oppressive nurse and rallies up the scared patients."
Shichinin no samurai (1954) ,8.6,3h 27min,26 April 1954,A poor village under attack by bandits recruits seven unemployed samurai to help them defend themselves.
Se7en (1995) ,8.6,2h 7min,22 September 1995,"Two detectives, a rookie and a veteran, hunt a serial killer who uses the seven deadly sins as his motives."
La vita è bella (1997) ,8.6,1h 56min,18 September 2000,"When an open-minded Jewish librarian and his son become victims of the Holocaust, he uses a perfect mixture of will, humor, and imagination to protect his son from the dangers around their camp."
Cidade de Deus (2002) ,8.6,2h 10min,18 January 2007,"In the slums of Rio, two kids' paths diverge as one struggles to become a photographer and the other a kingpin."
The Silence of the Lambs (1991) ,8.6,1h 58min,14 February 1991,"A young F.B.I. cadet must receive the help of an incarcerated and manipulative cannibal killer to help catch another serial killer, a madman who skins his victims."
It's a Wonderful Life (1946) ,8.6,2h 10min,7 January 1947,An angel is sent from Heaven to help a desperately frustrated businessman by showing him what life would have been like if he had never existed.
Star Wars (1977) ,8.6,2h 1min,1 July 1978,"Luke Skywalker joins forces with a Jedi Knight, a cocky pilot, a Wookiee and two droids to save the galaxy from the Empire's world-destroying battle station, while also attempting to rescue Princess Leia from the mysterious Darth Vader."
Saving Private Ryan (1998) ,8.6,2h 49min,26 March 1999,"Following the Normandy Landings, a group of U.S. soldiers go behind enemy lines to retrieve a paratrooper whose brothers have been killed in action."
Sen to Chihiro no kamikakushi (2001) ,8.6,2h 5min,1 March 2020,"During her family's move to the suburbs, a sullen 10-year-old girl wanders into a world ruled by gods, witches, and spirits, and where humans are changed into beasts."
The Green Mile (1999) ,8.6,3h 9min,16 March 2000,"The lives of guards on Death Row are affected by one of their charges: a black man accused of child murder and rape, yet who has a mysterious gift."
Interstellar (2014) ,8.6,2h 49min,7 November 2014,A team of explorers travel through a wormhole in space in an attempt to ensure humanity's survival.
Gisaengchung (2019) ,8.6,2h 12min,31 January 2020,Greed and class discrimination threaten the newly formed symbiotic relationship between the wealthy Park family and the destitute Kim clan.
Léon (1994) ,8.5,1h 50min,23 September 1996,"Mathilda, a 12-year-old girl, is reluctantly taken in by Léon, a professional assassin, after her family is murdered. An unusual relationship forms as she becomes his protégée and learns the assassin's trade."
The Usual Suspects (1995) ,8.5,1h 46min,10 May 1996,"A sole survivor tells of the twisty events leading up to a horrific gun battle on a boat, which began when five criminals met at a seemingly random police lineup."
Seppuku (1962) ,8.6,2h 13min,16 September 1962,"When a ronin requesting seppuku at a feudal lord's palace is told of the brutal suicide of another ronin who previously visited, he reveals how their pasts are intertwined - and in doing so challenges the clan's integrity."
The Lion King (1994) ,8.5,1h 28min,29 October 1994,"Lion prince Simba and his father are targeted by his bitter uncle, who wants to ascend the throne himself."
The Pianist (2002) ,8.5,2h 30min,3 April 2019,A Polish Jewish musician struggles to survive the destruction of the Warsaw ghetto of World War II.
Back to the Future (1985) ,8.5,1h 56min,9 December 1986,"Marty McFly, a 17-year-old high school student, is accidentally sent thirty years into the past in a time-traveling DeLorean invented by his close friend, the eccentric scientist Doc Brown."
Terminator 2: Judgment Day (1991) ,8.5,2h 17min,24 August 1991,"A cyborg, identical to the one who failed to kill Sarah Connor, must now protect her teenage son, John Connor, from a more advanced and powerful cyborg."
American History X (1998) ,8.5,1h 59min,21 September 1999,A former neo-nazi skinhead tries to prevent his younger brother from going down the same wrong path that he did.
Modern Times (1936) ,8.5,1h 27min,25 February 1936,The Tramp struggles to live in modern industrial society with the help of a young homeless woman.
Psycho (1960) ,8.5,1h 49min,24 May 2020,"A Phoenix secretary embezzles $40,000 from her employer's client, goes on the run, and checks into a remote motel run by a young man under the domination of his mother."
Gladiator (2000) ,8.5,2h 35min,1 September 2000,A former Roman General sets out to exact vengeance against the corrupt emperor who murdered his family and sent him into slavery.
City Lights (1931) ,8.5,1h 27min,7 March 1931,"With the aid of a wealthy erratic tippler, a dewy-eyed tramp who has fallen in love with a sightless flower girl accumulates money to be able to help her medically."
The Departed (2006) ,8.5,2h 31min,31 October 2007,An undercover cop and a mole in the police attempt to identify each other while infiltrating an Irish gang in South Boston.
The Intouchables (2011) ,8.5,1h 52min,13 July 2012,"After he becomes a quadriplegic from a paragliding accident, an aristocrat hires a young man from the projects to be his caregiver."
Whiplash (2014) ,8.5,1h 46min,20 February 2015,A promising young drummer enrolls at a cut-throat music conservatory where his dreams of greatness are mentored by an instructor who will stop at nothing to realize a student's potential.
The Prestige (2006) ,8.5,2h 10min,20 October 2006,"After a tragic accident, two stage magicians engage in a battle to create the ultimate illusion while sacrificing everything they have to outwit each other."
Hotaru no haka (1988) ,8.5,1h 29min,16 April 1988,A young boy and his little sister struggle to survive in Japan during World War II.
Once Upon a Time in the West (1968) ,8.5,2h 45min,24 September 1969,A mysterious stranger with a harmonica joins forces with a notorious desperado to protect a beautiful widow from a ruthless assassin working for the railroad.
Casablanca (1942) ,8.5,1h 42min,23 January 1943,A cynical expatriate American cafe owner struggles to decide whether or not to help his former lover and her fugitive husband escape the Nazis in French Morocco.
Nuovo Cinema Paradiso (1988) ,8.5,2h 35min,17 November 1988,A filmmaker recalls his childhood when falling in love with the pictures at the cinema of his home village and forms a deep friendship with the cinema's projectionist.
Rear Window (1954) ,8.4,1h 52min,September 1954,A wheelchair-bound photographer spies on his neighbors from his apartment window and becomes convinced one of them has committed murder.
Hamilton (2020) ,8.6,2h 40min,3 July 2020,"The real life of one of America's foremost founding fathers and first Secretary of the Treasury, Alexander Hamilton. Captured live on Broadway from the Richard Rodgers Theater with the original Broadway cast."
Alien (1979) ,8.4,1h 57min,6 December 1979,"After a space merchant vessel receives an unknown transmission as a distress call, one of the crew is attacked by a mysterious life form and they soon realize that its life cycle has merely begun."
Apocalypse Now (1979) ,8.4,2h 27min,15 August 1979,A U.S. Army officer serving in Vietnam is tasked with assassinating a renegade Special Forces Colonel who sees himself as a god.
Memento (2000) ,8.4,1h 53min,20 October 2000,A man with short-term memory loss attempts to track down his wife's murderer.
The Great Dictator (1940) ,8.4,2h 5min,7 March 1941,Dictator Adenoid Hynkel tries to expand his empire while a poor Jewish barber tries to avoid persecution from Hynkel's regime.
Raiders of the Lost Ark (1981) ,8.4,1h 55min,10 December 1981,"In 1936, archaeologist and adventurer Indiana Jones is hired by the U.S. government to find the Ark of the Covenant before Adolf Hitler's Nazis can obtain its awesome powers."
Django Unchained (2012) ,8.4,2h 45min,22 March 2013,"With the help of a German bounty hunter, a freed slave sets out to rescue his wife from a brutal Mississippi plantation owner."
The Lives of Others (2006) ,8.4,2h 17min,23 March 2006,"In 1984 East Berlin, an agent of the secret police, conducting surveillance on a writer and his lover, finds himself becoming increasingly absorbed by their lives."
Joker (2019) ,8.5,2h 2min,2 October 2019,"In Gotham City, mentally troubled comedian Arthur Fleck is disregarded and mistreated by society. He then embarks on a downward spiral of revolution and bloody crime. This path brings him face-to-face with his alter-ego: the Joker."
Paths of Glory (1957) ,8.4,1h 28min,25 December 1957,"After refusing to attack an enemy position, a general accuses the soldiers of cowardice and their commanding officer must defend them."
WALL·E (2008) ,8.4,1h 38min,29 August 2008,"In the distant future, a small waste-collecting robot inadvertently embarks on a space journey that will ultimately decide the fate of mankind."
The Shining (1980) ,8.4,2h 26min,4 October 2017,"A family heads to an isolated hotel for the winter where a sinister presence influences the father into violence, while his psychic son sees horrific forebodings from both past and future."
Avengers: Infinity War (2018) ,8.4,2h 29min,27 April 2018,The Avengers and their allies must be willing to sacrifice all in an attempt to defeat the powerful Thanos before his blitz of devastation and ruin puts an end to the universe.
Sunset Blvd. (1950) ,8.4,1h 50min,29 September 1950,A screenwriter develops a dangerous relationship with a faded film star determined to make a triumphant return.
Witness for the Prosecution (1957) ,8.4,1h 56min,6 February 1958,A veteran British barrister must defend his client in a murder trial that has surprise after surprise.
Oldeuboi (2003) ,8.4,1h 41min,4 October 2017,"After being kidnapped and imprisoned for fifteen years, Oh Dae-Su is released, only to find that he must find his captor in five days."
Mononoke-hime (1997) ,8.4,2h 14min,2 March 2020,"On a journey to find the cure for a Tatarigami's curse, Ashitaka finds himself in the middle of a war between the forest gods and Tatara, a mining colony. In this quest he also meets San, the Mononoke Hime."
Spider-Man: Into the Spider-Verse (2018) ,8.4,1h 57min,14 December 2018,"Teen Miles Morales becomes the Spider-Man of his universe, and must join with five spider-powered individuals from other dimensions to stop a threat for all realities."
Dr. Strangelove or: How I Learned to Stop Worrying and Love the Bomb (1964) ,8.4,1h 35min,29 January 1964,An insane general triggers a path to nuclear holocaust that a War Room full of politicians and generals frantically tries to stop.
The Dark Knight Rises (2012) ,8.4,2h 44min,20 July 2012,"Eight years after the Joker's reign of anarchy, Batman, with the help of the enigmatic Catwoman, is forced from his exile to save Gotham City from the brutal guerrilla terrorist Bane."
Once Upon a Time in America (1984) ,8.4,3h 49min,1 June 1984,"A former Prohibition-era Jewish gangster returns to the Lower East Side of Manhattan over thirty years later, where he once again must confront the ghosts and regrets of his old life."
Aliens (1986) ,8.3,2h 17min,11 July 1987,"Fifty-seven years after surviving an apocalyptic attack aboard her space vessel by merciless space creatures, Officer Ripley awakens from hyper-sleep and tries to warn anyone who will listen about the predators."
Kimi no na wa. (2016) ,8.4,1h 46min,26 August 2016,"Two strangers find themselves linked in a bizarre way. When a connection forms, will distance be the only thing to keep them apart?"
Coco (2017) ,8.4,1h 45min,24 November 2017,"Aspiring musician Miguel, confronted with his family's ancestral ban on music, enters the Land of the Dead to find his great-great-grandfather, a legendary singer."
Avengers: Endgame (2019) ,8.4,3h 1min,26 April 2019,"After the devastating events of Avengers: Infinity War (2018), the universe is in ruins. With the help of remaining allies, the Avengers assemble once more in order to reverse Thanos' actions and restore balance to the universe."
American Beauty (1999) ,8.3,2h 2min,1 April 2020,A sexually frustrated suburban father has a mid-life crisis after becoming infatuated with his daughter's best friend.
Braveheart (1995) ,8.3,2h 58min,22 June 1995,Scottish warrior William Wallace leads his countrymen in a rebellion to free his homeland from the tyranny of King Edward I of England.
Das Boot (1981) ,8.3,2h 29min,17 September 1981,"The claustrophobic world of a WWII German U-boat; boredom, filth and sheer terror."
3 Idiots (2009) ,8.4,2h 50min,25 December 2009,"Two friends are searching for their long lost companion. They revisit their college days and recall the memories of their friend who inspired them to think differently, even as the rest of the world called them ""idiots""."
Toy Story (1995) ,8.3,1h 21min,22 November 1995,A cowboy doll is profoundly threatened and jealous when a new spaceman figure supplants him as top toy in a boy's room.
Capharnaüm (2018) ,8.4,2h 6min,21 June 2019,"While serving a five-year sentence for a violent crime, a 12-year-old boy sues his parents for neglect."
Tengoku to jigoku (1963) ,8.4,2h 23min,1 March 1963,An executive of a shoe company becomes a victim of extortion when his chauffeur's son is kidnapped and held for ransom.
Amadeus (1984) ,8.3,2h 40min,19 September 1984,"The life, success and troubles of Wolfgang Amadeus Mozart, as told by Antonio Salieri, the contemporaneous composer who was insanely jealous of Mozart's talent and claimed to have murdered him."
Inglourious Basterds (2009) ,8.3,2h 33min,2 October 2009,"In Nazi-occupied France during World War II, a plan to assassinate Nazi leaders by a group of Jewish U.S. soldiers coincides with a theatre owner's vengeful plans for the same."
Star Wars: Episode VI - Return of the Jedi (1983) ,8.3,2h 11min,16 December 1983,"After a daring mission to rescue Han Solo from Jabba the Hutt, the Rebels dispatch to Endor to destroy the second Death Star. Meanwhile, Luke struggles to help Darth Vader back from the dark side without falling into the Emperor's trap."
Taare Zameen Par (2007) ,8.4,2h 45min,21 December 2007,"An eight-year-old boy is thought to be a lazy trouble-maker, until the new art teacher has the patience and compassion to discover the real problem behind his struggles in school."
Good Will Hunting (1997) ,8.3,2h 6min,9 January 1998,"Will Hunting, a janitor at M.I.T., has a gift for mathematics, but needs help from a psychologist to find direction in his life."
Reservoir Dogs (1992) ,8.3,1h 39min,2 September 1992,"When a simple jewelry heist goes horribly wrong, the surviving criminals begin to suspect that one of them is a police informant."
2001: A Space Odyssey (1968) ,8.3,2h 29min,4 October 2017,"After discovering a mysterious artifact buried beneath the Lunar surface, mankind sets off on a quest to find its origins with help from intelligent supercomputer H.A.L. 9000."
Requiem for a Dream (2000) ,8.3,1h 42min,4 October 2017,The drug-induced utopias of four Coney Island people are shattered when their addictions run deep.
Vertigo (1958) ,8.3,2h 8min,30 October 2014,A former police detective juggles wrestling with his personal demons and becoming obsessed with a hauntingly beautiful woman.
M - Eine Stadt sucht einen Mörder (1931) ,8.3,1h 57min,31 August 1931,"When the police in a German city are unable to catch a child-murderer, other criminals join in the manhunt."
Jagten (2012) ,8.3,1h 55min,10 January 2013,"A teacher lives a lonely life, all the while struggling over his son's custody. His life slowly gets better as he finds love and receives good news from his son, but his new luck is about to be brutally shattered by an innocent little lie."
Eternal Sunshine of the Spotless Mind (2004) ,8.3,1h 48min,15 December 2019,"When their relationship turns sour, a couple undergoes a medical procedure to have each other erased from their memories."
Citizen Kane (1941) ,8.3,1h 59min,13 October 2020,"Following the death of publishing tycoon Charles Foster Kane, reporters scramble to uncover the meaning of his final utterance; 'Rosebud'."
Dangal (2016) ,8.4,2h 41min,23 December 2016,Former wrestler Mahavir Singh Phogat and his two wrestler daughters struggle towards glory at the Commonwealth Games in the face of societal oppression.
Full Metal Jacket (1987) ,8.3,1h 56min,10 July 1987,A pragmatic U.S. Marine observes the dehumanizing effects the Vietnam War has on his fellow recruits from their brutal boot camp training to the bloody street fighting in Hue.
Singin' in the Rain (1952) ,8.3,1h 43min,11 April 1952,A silent film production company and cast make a difficult transition to sound.
Ladri di biciclette (1948) ,8.3,1h 29min,24 November 1948,"In post-war Italy, a working-class man's bicycle is stolen. He and his son set out to find it."
The Kid (1921) ,8.3,1h 8min,6 February 1921,"The Tramp cares for an abandoned child, but events put that relationship in jeopardy."
1917 (2019) ,8.3,1h 59min,17 January 2020,"April 6th, 1917. As a regiment assembles to wage war deep in enemy territory, two soldiers are assigned to race against time and deliver a message that will stop 1,600 men from walking straight into a deadly trap."
North by Northwest (1959) ,8.3,2h 16min,18 December 1959,A New York City advertising executive goes on the run after being mistaken for a government agent by a group of foreign spies.
Snatch (2000) ,8.3,1h 44min,31 October 2019,"Unscrupulous boxing promoters, violent bookmakers, a Russian gangster, incompetent amateur robbers and supposedly Jewish jewelers fight to track down a priceless stolen diamond."
A Clockwork Orange (1971) ,8.3,2h 16min,4 October 2017,"In the future, a sadistic gang leader is imprisoned and volunteers for a conduct-aversion experiment, but it doesn't go as planned."
Scarface (1983) ,8.3,2h 50min,5 November 2013,"In 1980 Miami, a determined Cuban immigrant takes over a drug cartel and succumbs to greed."
Ikiru (1952) ,8.3,2h 23min,9 October 1952,A bureaucrat tries to find a meaning in his life after he discovers he has terminal cancer.
Taxi Driver (1976) ,8.3,1h 54min,13 March 1978,"A mentally unstable veteran works as a nighttime taxi driver in New York City, where the perceived decadence and sleaze fuels his urge for violent action by attempting to liberate a presidential campaign worker and an underage prostitute."
Idi i smotri (1985) ,8.3,2h 22min,17 October 1985,"After finding an old rifle, a young boy joins the Soviet resistance movement against ruthless German forces and experiences the horrors of World War II."
Toy Story 3 (2010) ,8.3,1h 43min,25 June 2010,"The toys are mistakenly delivered to a day-care center instead of the attic right before Andy leaves for college, and it's up to Woody to convince the other toys that they weren't abandoned and to return home."
Lawrence of Arabia (1962) ,8.3,3h 48min,11 December 1962,"The story of T.E. Lawrence, the English officer who successfully united and led the diverse, often warring, Arab tribes during World War I in order to fight the Turks."
Amélie (2001) ,8.3,2h 2min,25 April 2001,"Amélie is an innocent and naive girl in Paris with her own sense of justice. She decides to help those around her and, along the way, discovers love."
The Sting (1973) ,8.3,2h 9min,25 December 1973,Two grifters team up to pull off the ultimate con.
Jodaeiye Nader az Simin (2011) ,8.3,2h 3min,29 October 2012,A married couple are faced with a difficult decision - to improve the life of their child by moving to another country or to stay in Iran and look after a deteriorating parent who has Alzheimer's disease.
Metropolis (1927) ,8.3,2h 33min,6 February 1927,"In a futuristic city sharply divided between the working class and the city planners, the son of the city's mastermind falls in love with a working class prophet who predicts the coming of a savior to mediate their differences."
Incendies (2010) ,8.3,2h 11min,12 January 2011,Twins journey to the Middle East to discover their family history and fulfill their mother's last wishes.
Per qualche dollaro in più (1965) ,8.3,2h 12min,20 December 1965,Two bounty hunters with the same intentions team up to track down a Western outlaw.
The Apartment (1960) ,8.3,2h 5min,29 June 1960,"A man tries to rise in his company by letting its executives use his apartment for trysts, but complications and a romance of his own ensue."
Double Indemnity (1944) ,8.3,1h 47min,6 July 1944,An insurance representative lets himself be talked by a seductive housewife into a murder/insurance fraud scheme that arouses the suspicion of an insurance investigator.
To Kill a Mockingbird (1962) ,8.2,2h 9min,6 March 1963,"Atticus Finch, a lawyer in the Depression-era South, defends a black man against an undeserved rape charge, and his children against prejudice."
Up (2009) ,8.2,1h 36min,11 September 2009,"78-year-old Carl Fredricksen travels to Paradise Falls in his house equipped with balloons, inadvertently taking a young stowaway."
Indiana Jones and the Last Crusade (1989) ,8.2,2h 7min,26 July 1990,"In 1938, after his father Professor Henry Jones, Sr. goes missing while pursuing the Holy Grail, Professor Henry ""Indiana"" Jones, Jr. finds himself up against Adolf Hitler's Nazis again to stop them from obtaining its powers."
Heat (1995) ,8.2,2h 50min,15 December 1995,A group of professional bank robbers start to feel the heat from police when they unknowingly leave a clue at their latest heist.
L.A. Confidential (1997) ,8.2,2h 18min,19 September 1997,"As corruption grows in 1950s Los Angeles, three policemen - one strait-laced, one brutal, and one sleazy - investigate a series of murders with their own brand of justice."
Die Hard (1988) ,8.2,2h 12min,20 July 1988,An NYPD officer tries to save his wife and several others taken hostage by German terrorists during a Christmas party at the Nakatomi Plaza in Los Angeles.
Green Book (2018) ,8.2,2h 10min,21 November 2018,A working-class Italian-American bouncer becomes the driver of an African-American classical pianist on a tour of venues through the 1960s American South.
Monty Python and the Holy Grail (1975) ,8.2,1h 31min,6 December 1979,"King Arthur and his Knights of the Round Table embark on a surreal, low-budget search for the Holy Grail, encountering many, very silly obstacles."
Yôjinbô (1961) ,8.2,1h 50min,25 April 1961,A crafty ronin comes to a town divided by two criminal gangs and decides to play them against each other to free the town.
Batman Begins (2005) ,8.2,2h 20min,17 June 2005,"After training with his mentor, Batman begins his fight to free crime-ridden Gotham City from corruption."
Rashômon (1950) ,8.2,1h 28min,26 August 1950,"The rape of a bride and the murder of her samurai husband are recalled from the perspectives of a bandit, the bride, the samurai's ghost and a woodcutter."
Der Untergang (2004) ,8.2,2h 36min,4 July 2006,"Traudl Junge, the final secretary for Adolf Hitler, tells of the Nazi dictator's final days in his Berlin bunker at the end of WWII."
Bacheha-Ye aseman (1997) ,8.3,1h 29min,1997,"After a boy loses his sister's pair of shoes, he goes on a series of adventures in order to find them. When he can't, he tries a new way to ""win"" a new pair."
Unforgiven (1992) ,8.2,2h 10min,9 October 2020,"Retired Old West gunslinger William Munny reluctantly takes on one last job, with the help of his old partner Ned Logan and a young man, The ""Schofield Kid."""
Some Like It Hot (1959) ,8.2,2h 1min,19 March 1959,"After two male musicians witness a mob hit, they flee the state in an all-female band disguised as women, but further complications set in."
Ran (1985) ,8.2,2h 42min,1 June 1985,"In Medieval Japan, an elderly warlord retires, handing over his empire to his three sons. However, he vastly underestimates how the new-found power will corrupt them and cause them to turn on each other...and him."
Hauru no ugoku shiro (2004) ,8.2,1h 59min,1 April 2020,"When an unconfident young woman is cursed with an old body by a spiteful witch, her only chance of breaking the spell lies with a self-indulgent yet insecure young wizard and his companions in his legged, walking castle."
All About Eve (1950) ,8.2,2h 18min,1 May 1951,A seemingly timid but secretly ruthless ingénue insinuates herself into the lives of an aging Broadway star and her circle of theater friends.
A Beautiful Mind (2001) ,8.2,2h 15min,9 October 2020,"After John Nash, a brilliant but asocial mathematician, accepts secret work in cryptography, his life takes a turn for the nightmarish."
Casino (1995) ,8.2,2h 58min,3 July 2013,"A tale of greed, deception, money, power, and murder occur between two best friends: a mafia enforcer and a casino executive compete against each other over a gambling empire, and over a fast-living and fast-loving socialite."
The Great Escape (1963) ,8.2,2h 52min,4 July 1963,Allied prisoners of war plan for several hundred of their number to escape from a German camp during World War II.
The Wolf of Wall Street (2013) ,8.2,3h,3 January 2014,"Based on the true story of Jordan Belfort, from his rise to a wealthy stock-broker living the high life to his fall involving crime, corruption and the federal government."
Pan's Labyrinth (2006) ,8.2,1h 58min,6 August 2018,"In the Falangist Spain of 1944, the bookish young stepdaughter of a sadistic army officer escapes into an eerie but captivating fantasy world."
El secreto de sus ojos (2009) ,8.2,2h 9min,13 August 2009,A retired legal counselor writes a novel hoping to find closure for one of his past unresolved homicide cases and for his unreciprocated love with his superior - both of which still haunt him decades later.
There Will Be Blood (2007) ,8.2,2h 38min,30 January 2008,"A story of family, religion, hatred, oil and madness, focusing on a turn-of-the-century prospector in the early days of the business."
"Lock, Stock and Two Smoking Barrels (1998) ",8.2,1h 47min,28 August 1998,"A botched card game in London triggers four friends, thugs, weed-growers, hard gangsters, loan sharks and debt collectors to collide with each other in a series of unexpected events, all for the sake of weed, cash and two antique shotguns."
Tonari no Totoro (1988) ,8.2,1h 26min,1 February 2020,"When two girls move to the country to be near their ailing mother, they have adventures with the wondrous forest spirits who live nearby."
Raging Bull (1980) ,8.2,2h 9min,19 December 1980,"The life of boxer Jake LaMotta, whose violence and temper that led him to the top in the ring destroyed his life outside of it."
Judgment at Nuremberg (1961) ,8.2,2h 59min,18 December 1961,"In 1948, an American court in occupied Germany tries four Nazis judged for war crimes."
The Treasure of the Sierra Madre (1948) ,8.2,2h 6min,24 January 1948,Two Americans searching for work in Mexico convince an old prospector to help them mine for gold in the Sierra Madre Mountains.
Dial M for Murder (1954) ,8.2,1h 45min,29 May 1954,A former tennis player tries to arrange his wife's murder after learning of her affair.
"Three Billboards Outside Ebbing, Missouri (2017) ",8.2,1h 55min,23 February 2018,A mother personally challenges the local authorities to solve her daughter's murder when they fail to catch the culprit.
Shutter Island (2010) ,8.2,2h 18min,4 June 2010,"In 1954, a U.S. Marshal investigates the disappearance of a murderer who escaped from a hospital for the criminally insane."
The Gold Rush (1925) ,8.2,1h 35min,13 July 1925,A prospector goes to the Klondike in search of gold and finds it and more.
Chinatown (1974) ,8.1,2h 10min,20 June 1974,"A private detective hired to expose an adulterer finds himself caught up in a web of deceit, corruption, and murder."
Babam ve Oglum (2005) ,8.3,1h 52min,18 November 2005,The family of a left-wing journalist is torn apart after the military coup of Turkey in 1980.
No Country for Old Men (2007) ,8.1,2h 2min,18 January 2008,Violence and mayhem ensue after a hunter stumbles upon a drug deal gone wrong and more than two million dollars in cash near the Rio Grande.
V for Vendetta (2005) ,8.2,2h 12min,4 October 2017,"In a future British tyranny, a shadowy freedom fighter, known only by the alias of ""V"", plots to overthrow it with the help of a young woman."
Inside Out (2015) ,8.1,1h 35min,26 June 2015,"After young Riley is uprooted from her Midwest life and moved to San Francisco, her emotions - Joy, Fear, Anger, Disgust and Sadness - conflict on how best to navigate a new city, house, and school."
Det sjunde inseglet (1957) ,8.2,1h 36min,16 February 1957,"A man seeks answers about life, death, and the existence of God as he plays chess against the Grim Reaper during the Black Plague."
The Elephant Man (1980) ,8.1,2h 4min,10 October 1980,"A Victorian surgeon rescues a heavily disfigured man who is mistreated while scraping a living as a side-show freak. Behind his monstrous façade, there is revealed a person of kindness, intelligence and sophistication."
The Thing (1982) ,8.1,1h 49min,10 December 1982,A research team in Antarctica is hunted by a shape-shifting alien that assumes the appearance of its victims.
Warrior (2011) ,8.2,2h 20min,31 October 2015,"The youngest son of an alcoholic former boxer returns home, where he's trained by his father for competition in a mixed martial arts tournament - a path that puts the fighter on a collision course with his estranged, older brother."
The Sixth Sense (1999) ,8.1,1h 47min,21 May 2019,A boy who communicates with spirits seeks the help of a disheartened child psychologist.
Trainspotting (1996) ,8.1,1h 33min,23 February 1996,"Renton, deeply immersed in the Edinburgh drug scene, tries to clean up and get out, despite the allure of the drugs and influence of friends."
Jurassic Park (1993) ,8.1,2h 7min,15 April 1994,A pragmatic paleontologist visiting an almost complete theme park is tasked with protecting a couple of kids after a power failure causes the park's cloned dinosaurs to run loose.
Soul (2020) ,8.2,1h 40min,25 December 2020,A musician who has lost his passion for music is transported out of his body and must find his way back with the help of an infant soul learning about herself.
The Truman Show (1998) ,8.1,1h 43min,14 November 1998,An insurance salesman discovers his whole life is actually a reality TV show.
Klaus (2019) ,8.2,1h 36min,16 November 2019,"A simple act of kindness always sparks another, even in a frozen, faraway place. When Smeerensburg's new postman, Jesper, befriends toymaker Klaus, their gifts melt an age-old feud and deliver a sleigh full of holiday traditions."
Anand (1971) ,8.4,2h 2min,12 March 1971,"The story of a terminally ill man who wishes to live life to the fullest before the inevitable occurs, as told by his best friend."
Gone with the Wind (1939) ,8.1,3h 58min,8 July 2020,A manipulative woman and a roguish man conduct a turbulent romance during the American Civil War and Reconstruction periods.
Finding Nemo (2003) ,8.1,1h 40min,24 October 2003,"After his son is captured in the Great Barrier Reef and taken to Sydney, a timid clownfish sets out on a journey to bring him home."
Smultronstället (1957) ,8.2,1h 31min,26 December 1957,"After living a life marked by coldness, an aging professor is forced to confront the emptiness of his existence."
Blade Runner (1982) ,8.1,1h 57min,25 June 2020,"A blade runner must pursue and terminate four replicants who stole a ship in space, and have returned to Earth to find their creator."
Stalker (1979) ,8.2,2h 42min,17 April 1980,A guide leads two men through an area known as the Zone to find a room that grants wishes.
Kill Bill: Vol. 1 (2003) ,8.1,1h 51min,10 October 2003,"After awakening from a four-year coma, a former assassin wreaks vengeance on the team of assassins who betrayed her."
Salinui chueok (2003) ,8.1,2h 11min,2 May 2003,"In a small Korean province in 1986, two detectives struggle with the case of multiple young women being found raped and murdered by an unknown culprit."
The Bridge on the River Kwai (1957) ,8.1,2h 41min,28 December 1957,"British POWs are forced to build a railway bridge across the river Kwai for their Japanese captors, not knowing that the allied forces are planning to destroy it."
Fargo (1996) ,8.1,1h 38min,5 April 1996,Jerry Lundegaard's inept crime falls apart due to his and his henchmen's bungling and the persistent police work of the quite pregnant Marge Gunderson.
Room (2015) ,8.1,1h 58min,29 January 2016,"Held captive for 7 years in an enclosed space, a woman and her young son finally gain their freedom, allowing the boy to experience the outside world for the first time."
The Third Man (1949) ,8.1,1h 44min,12 October 1949,"Pulp novelist Holly Martins travels to shadowy, postwar Vienna, only to find himself investigating the mysterious death of an old friend, Harry Lime."
Gran Torino (2008) ,8.1,1h 56min,13 March 2009,"Disgruntled Korean War veteran Walt Kowalski sets out to reform his neighbor, Thao Lor, a Hmong teenager who tried to steal Kowalski's prized possession: a 1972 Gran Torino."
Relatos salvajes (2014) ,8.1,2h 2min,21 August 2014,Six short stories that explore the extremities of human behavior involving people in distress.
On the Waterfront (1954) ,8.1,1h 48min,12 October 1954,An ex-prize fighter turned longshoreman struggles to stand up to his corrupt union bosses.
Tôkyô monogatari (1953) ,8.2,2h 16min,3 November 1953,"An old couple visit their children and grandchildren in the city, but receive little attention."
The Deer Hunter (1978) ,8.1,3h 3min,23 February 1979,An in-depth examination of the ways in which the U.S. Vietnam War impacts and disrupts the lives of people in a small industrial town in Pennsylvania.
In the Name of the Father (1993) ,8.1,2h 13min,27 December 1993,A man's coerced confession to an I.R.A. bombing he did not commit results in the imprisonment of his father as well. An English lawyer fights to free them.
Höstsonaten (1978) ,8.2,1h 39min,8 October 1978,"A married daughter who longs for her mother's love is visited by the latter, a successful concert pianist."
Mary and Max (2009) ,8.1,1h 32min,9 April 2009,"A tale of friendship between two unlikely pen pals: Mary, a lonely, eight-year-old girl living in the suburbs of Melbourne, and Max, a forty-four-year old, severely obese man living in New York."
The Grand Budapest Hotel (2014) ,8.1,1h 39min,25 July 2014,"A writer encounters the owner of an aging high-class hotel, who tells him of his early years serving as a lobby boy in the hotel's glorious years under an exceptional concierge."
Gone Girl (2014) ,8.1,2h 29min,31 October 2014,"With his wife's disappearance having become the focus of an intense media circus, a man sees the spotlight turned on him when it's suspected that he may not be innocent."
Before Sunrise (1995) ,8.1,1h 41min,9 December 2019,"A young man and woman meet on a train in Europe, and wind up spending one evening together in Vienna. Unfortunately, both know that this will probably be their only night together."
Hacksaw Ridge (2016) ,8.1,2h 19min,16 December 2016,"World War II American Army Medic Desmond T. Doss, who served during the Battle of Okinawa, refuses to kill people, and becomes the first man in American history to receive the Medal of Honor without firing a shot."
Catch Me If You Can (2002) ,8.1,2h 21min,30 April 2020,"Barely 21 yet, Frank is a skilled forger who has passed as a doctor, lawyer and pilot. FBI agent Carl, becomes obsessed with tracking down the con man. But Frank not only eludes capture, he revels in the pursuit."
Andhadhun (2018) ,8.3,2h 19min,5 October 2018,"A series of mysterious events change the life of a blind pianist, who must now report a crime that he should technically know nothing of."
Persona (1966) ,8.1,1h 25min,18 October 1966,A nurse is put in charge of a mute actress and finds that their personae are melding together.
Prisoners (2013) ,8.1,2h 33min,27 September 2013,"When Keller Dover's daughter and her friend go missing, he takes matters into his own hands as the police pursue multiple leads and the pressure mounts."
The Big Lebowski (1998) ,8.1,1h 57min,21 December 2019,"Jeff ""The Dude"" Lebowski, mistaken for a millionaire of the same name, seeks restitution for his ruined rug and enlists his bowling buddies to help get it."
To Be or Not to Be (1942) ,8.2,1h 39min,6 March 1942,"During the Nazi occupation of Poland, an acting troupe becomes embroiled in a Polish soldier's efforts to track down a German spy."
Sherlock Jr. (1924) ,8.2,45min,11 May 1924,"A film projectionist longs to be a detective, and puts his meagre skills to work when he is framed by a rival for stealing his girlfriend's father's pocketwatch."
The General (1926) ,8.1,1h 7min,2 January 1927,"When Union spies steal an engineer's beloved locomotive, he pursues it single-handedly and straight through enemy lines."
How to Train Your Dragon (2010) ,8.1,1h 38min,16 April 2010,"A hapless young Viking who aspires to hunt dragons becomes the unlikely friend of a young dragon himself, and learns there may be more to the creatures than he assumed."
Ford v Ferrari (2019) ,8.1,2h 32min,15 November 2019,American car designer Carroll Shelby and driver Ken Miles battle corporate interference and the laws of physics to build a revolutionary race car for Ford in order to defeat Ferrari at the 24 Hours of Le Mans in 1966.
Eskiya (1996) ,8.2,2h 8min,29 November 1996,"Baran the Bandit, released from prison after 35 years, searches for vengeance and his lover."
12 Years a Slave (2013) ,8.1,2h 14min,31 January 2014,"In the antebellum United States, Solomon Northup, a free black man from upstate New York, is abducted and sold into slavery."
Barry Lyndon (1975) ,8.1,3h 5min,18 December 1975,An Irish rogue wins the heart of a rich widow and assumes her dead husband's aristocratic position in 18th-century England.
Mr. Smith Goes to Washington (1939) ,8.1,2h 9min,19 October 1939,"A naive man is appointed to fill a vacancy in the United States Senate. His plans promptly collide with political corruption, but he doesn't back down."
Mad Max: Fury Road (2015) ,8.1,2h,15 May 2015,"In a post-apocalyptic wasteland, a woman rebels against a tyrannical ruler in search for her homeland with the aid of a group of female prisoners, a psychotic worshiper, and a drifter named Max."
Million Dollar Baby (2004) ,8.1,2h 12min,11 March 2005,A determined woman works with a hardened boxing trainer to become a professional.
Dom za vesanje (1988) ,8.2,2h 22min,September 1990,"In this luminous tale set in the area around Sarajevo and in Italy, Perhan, an engaging young Romany (gypsy) with telekinetic powers, is seduced by the quick-cash world of petty crime, which threatens to destroy him and those he loves."
Network (1976) ,8.1,2h 1min,27 November 1976,A television network cynically exploits a deranged former anchor's ravings and revelations about the news media for its own profit.
Dead Poets Society (1989) ,8.1,2h 8min,9 June 1989,Maverick teacher John Keating uses poetry to embolden his boarding school students to new heights of self-expression.
Stand by Me (1986) ,8.1,1h 29min,22 August 1986,"After the death of one of his friends, a writer recounts a childhood journey with his friends to find the body of a missing boy."
Ben-Hur (1959) ,8.1,3h 32min,18 November 1959,"After a Jewish prince is betrayed and sent into slavery by a Roman friend, he regains his freedom and comes back for revenge."
Harry Potter and the Deathly Hallows: Part 2 (2011) ,8.1,2h 10min,15 July 2011,"Harry, Ron, and Hermione search for Voldemort's remaining Horcruxes in their effort to destroy the Dark Lord as the final battle rages on at Hogwarts."
Cool Hand Luke (1967) ,8.1,2h 7min,1 November 1967,"A laid back Southern man is sentenced to two years in a rural prison, but refuses to conform."
Hachi: A Dog's Tale (2009) ,8.1,1h 33min,4 October 2017,A college professor bonds with an abandoned dog he takes into his home.
Platoon (1986) ,8.1,2h,6 February 1987,A young soldier in Vietnam faces a moral crisis when confronted with the horrors of war and the duality of man.
Ah-ga-ssi (2016) ,8.1,2h 25min,1 June 2016,"A woman is hired as a handmaiden to a Japanese heiress, but secretly she is involved in a plot to defraud her."
Into the Wild (2007) ,8.1,2h 28min,31 July 2018,"After graduating from Emory University, top student and athlete Christopher McCandless abandons his possessions, gives his entire $24,000 savings account to charity and hitchhikes to Alaska to live in the wilderness. Along the way, Christopher encounters a series of characters that shape his life."
Logan (2017) ,8.1,2h 17min,3 March 2017,"In a future where mutants are nearly extinct, an elderly and weary Logan leads a quiet life. But when Laura, a mutant child pursued by scientists, comes to him for help, he must get her to safety."
Rush (2013) ,8.1,2h 3min,20 September 2013,The merciless 1970s rivalry between Formula One rivals James Hunt and Niki Lauda.
Le salaire de la peur (1953) ,8.1,2h 11min,23 September 1955,"In a decrepit South American village, four men are hired to transport an urgent nitroglycerine shipment without the equipment that would make it safe."
Life of Brian (1979) ,8.1,1h 34min,8 November 1979,"Born on the original Christmas in the stable next door to Jesus Christ, Brian of Nazareth spends his life being mistaken for a messiah."
Les quatre cents coups (1959) ,8.1,1h 39min,3 June 1959,"A young boy, left without attention, delves into a life of petty crime."
Spotlight (2015) ,8.1,2h 9min,19 February 2016,"The true story of how the Boston Globe uncovered the massive scandal of child molestation and cover-up within the local Catholic Archdiocese, shaking the entire Catholic Church to its core."
La haine (1995) ,8.1,1h 38min,31 May 1995,24 hours in the lives of three young men in the French suburbs the day after a violent riot.
La passion de Jeanne d'Arc (1928) ,8.1,1h 50min,25 October 1928,"In 1431, Jeanne d'Arc is placed on trial on charges of heresy. The ecclesiastical jurists attempt to force Jeanne to recant her claims of holy visions."
Hotel Rwanda (2004) ,8.1,2h 1min,4 February 2005,"Paul Rusesabagina, a hotel manager, houses over a thousand Tutsi refugees during their struggle against the Hutu militia in Rwanda, Africa."
Amores perros (2000) ,8.1,2h 34min,16 June 2000,"A horrific car accident connects three stories, each involving characters dealing with loss, regret, and life's harsh realities, all in the name of love."
Andrei Rublev (1966) ,8.1,3h 25min,December 1969,"The life, times and afflictions of the fifteenth-century Russian iconographer St. Andrei Rublev."
Rocky (1976) ,8.1,2h,3 December 1976,A small-time boxer gets a supremely rare chance to fight a heavy-weight champion in a bout in which he strives to go the distance for his self-respect.
Gangs of Wasseypur (2012) ,8.2,5h 21min,22 June 2012,"A clash between Sultan and Shahid Khan leads to the expulsion of Khan from Wasseypur, and ignites a deadly blood feud spanning three generations."
"Monsters, Inc. (2001) ",8.1,1h 32min,8 April 2018,"In order to power the city, monsters have to scare children so that they scream. However, the children are toxic to the monsters, and after a child gets through, 2 monsters realize things may not be what they think."
Kaze no tani no Naushika (1984) ,8.1,1h 57min,11 March 1984,Warrior and pacifist Princess Nausicaä desperately struggles to prevent two warring nations from destroying themselves and their dying planet.
Rebecca (1940) ,8.1,2h 10min,12 April 1940,A self-conscious woman juggles adjusting to her new role as an aristocrat's wife and avoiding being intimidated by his first wife's spectral presence.
Du rififi chez les hommes (1955) ,8.2,1h 58min,13 April 1955,"Four men plan a technically perfect crime, but the human element intervenes..."
Vikram Vedha (2017) ,8.5,2h 27min,21 July 2017,"Vikram, a no-nonsense police officer, accompanied by Simon, his partner, is on the hunt to capture Vedha, a smuggler and a murderer. Vedha tries to change Vikram's life, which leads to a conflict."
Rang De Basanti (2006) ,8.2,2h 47min,26 January 2006,"The story of six young Indians who assist an English woman to film a documentary on the freedom fighters from their past, and the events that lead them to relive the long-forgotten saga of freedom."
Before Sunset (2004) ,8.1,1h 20min,30 July 2004,"Nine years after Jesse and Celine first met, they encounter each other again on the French leg of Jesse's book tour."
Fa yeung nin wah (2000) ,8.1,1h 38min,29 September 2000,"Two neighbors, a woman and a man, form a strong bond after both suspect extramarital activities of their spouses. However, they agree to keep their bond platonic so as not to commit similar wrongs."
Portrait de la jeune fille en feu (2019) ,8.1,2h 2min,18 September 2019,"On an isolated island in Brittany at the end of the eighteenth century, a female painter is obliged to paint a wedding portrait of a young woman."
"Paris, Texas (1984) ",8.1,2h 25min,23 August 1984,"Travis Henderson, an aimless drifter who has been missing for four years, wanders out of the desert and must reconnect with society, himself, his life, and his family."
It Happened One Night (1934) ,8.1,1h 45min,22 February 1934,"A renegade reporter and a crazy young heiress meet on a bus heading for New York, and end up stuck with each other when the bus leaves them behind at one of the stops."
Contratiempo (2016) ,8.1,1h 46min,4 October 2017,A successful entrepreneur accused of murder and a witness preparation expert have less than three hours to come up with an impregnable defense.
The Help (2011) ,8.0,2h 26min,25 November 2011,"An aspiring author during the civil rights movement of the 1960s decides to write a book detailing the African American maids' point of view on the white families for which they work, and the hardships they go through on a daily basis."
Drishyam (2015) ,8.2,2h 43min,31 July 2015,"Desperate measures are taken by a man who tries to save his family from the dark side of the law, after they commit an unexpected crime."
The Princess Bride (1987) ,8.0,1h 38min,14 March 2019,"While home sick in bed, a young boy's grandfather reads him the story of a farmboy-turned-pirate who encounters numerous obstacles, enemies and allies in his quest to be reunited with his true love."
La battaglia di Algeri (1966) ,8.1,2h 1min,9 September 1966,"In the 1950s, fear and violence escalate as the people of Algiers fight for independence from the French government."
Koe no katachi (2016) ,8.1,2h 10min,5 June 2019,"A young man is ostracized by his classmates after he bullies a deaf girl to the point where she moves away. Years later, he sets off on a path for redemption."
"Swades: We, the People (2004) ",8.2,3h 30min,17 December 2004,A successful Indian scientist returns to an Indian village to take his nanny to America with him and in the process rediscovers his roots.
